{
	"class_name" : "PinholeCameraParameters",
	"extrinsic" : 
	[
		0.92039816406164054,
		-0.24355909572853321,
		0.30585321067443566,
		0.0,
		0.21584783900096857,
		0.96878509087600095,
		0.12192275462353508,
		0.0,
		-0.32600142636278984,
		-0.046199724937254688,
		0.94423972349459473,
		0.0,
		0.11297310596237509,
		0.98195280038096766,
		5.1284496278766971,
		1.0
	],
	"intrinsic" : 
	{
		"height" : 1050,
		"intrinsic_matrix" : 
		[
			909.3266739736606,
			0.0,
			0.0,
			0.0,
			909.3266739736606,
			0.0,
			959.5,
			524.5,
			1.0
		],
		"width" : 1920
	},
	"version_major" : 1,
	"version_minor" : 0
}